{"stat.useItem.minecraft.bow":9,"stat.useItem.minecraft.splash_potion":1,"stat.walkOneCm":149251,"stat.useItem.minecraft.stone":5666,"stat.useItem.minecraft.jungle_fence":367,"stat.leaveGame":6,"stat.useItem.minecraft.log":37,"stat.useItem.minecraft.cobblestone":25,"stat.useItem.minecraft.lava_bucket":352,"stat.drop.minecraft.wool":1,"stat.pickup.minecraft.jungle_stairs":1,"stat.pickup.minecraft.log":2,"stat.useItem.minecraft.bedrock":10,"stat.jump":188,"stat.useItem.minecraft.planks":1158,"stat.drop.minecraft.jungle_stairs":1,"stat.crouchOneCm":3032,"stat.useItem.minecraft.dirt":1557,"stat.useItem.minecraft.leaves":486,"stat.sprintOneCm":775,"stat.useItem.minecraft.light_weighted_pressure_plate":18,"stat.drop.minecraft.glass":1,"stat.useItem.minecraft.glass":434,"stat.pickup.minecraft.leaves":2,"stat.drop.minecraft.leaves":2,"stat.useItem.minecraft.bucket":1,"stat.flyOneCm":1246418,"stat.useItem.minecraft.mossy_cobblestone":15,"stat.deaths":2,"stat.drop":7,"stat.playOneMinute":392993,"stat.useItem.minecraft.jungle_stairs":368,"stat.sneakTime":11626,"stat.pickup.minecraft.wool":1,"stat.useItem.minecraft.wool":178,"stat.timeSinceDeath":3240,"stat.drop.minecraft.log":2,"stat.useItem.minecraft.wooden_slab":254}